DateTime,Battery_voltage,dendro_2_raw_1,dendro_2_raw_2,dendro_2_ratio,dendro_8_raw_1,dendro_8_raw_2,dendro_8_ratio,dendro_9_raw_1,dendro_9_raw_2,dendro_9_ratio,Outside_Air Temperature,Outside_RH,dendro_7_raw_1,dendro_7_raw_2,dendro_7_ratio,dendro_3_raw_1,dendro_3_raw_2,dendro_3_ratio
2026-02-26T16:00:32,12.54,26183.1020,15406.9010,0.5884,26080.8980,19736.7000,0.7567,26189.9000,24506.3980,0.9357,26.2283,82.3516,26179.4000,13735.0000,0.5246,26179.1000,24923.3000,0.9520
2026-02-26T16:15:28,12.53,26187.5020,15435.4990,0.5894,26083.9020,19745.8980,0.7570,26193.8000,24515.7980,0.9359,26.2871,79.7614,26183.8020,13745.8980,0.5250,26183.0000,24954.9000,0.9531
2026-02-26T16:30:24,12.53,26189.9000,15466.8000,0.5906,26085.9980,19755.0000,0.7573,26196.3980,24522.1000,0.9361,26.6396,77.7205,26184.9000,13756.3990,0.5254,26185.4000,24984.5000,0.9541
2026-02-26T16:45:21,12.52,26190.6000,15482.0010,0.5911,26086.7960,19761.1980,0.7575,26197.0000,24526.9980,0.9363,27.1790,77.1121,26185.6980,13762.0000,0.5256,26185.3000,25004.9000,0.9549
2026-02-26T17:00:17,12.52,26190.2980,15485.0000,0.5912,26086.7980,19762.1000,0.7576,26197.5020,24533.5020,0.9365,26.7624,77.9647,26186.2960,13762.3010,0.5256,26185.6000,25020.1000,0.9555
2026-02-26T17:15:13,12.52,26187.5020,15483.5010,0.5913,26084.6020,19760.1000,0.7575,26194.7000,24531.2960,0.9365,26.2844,80.5148,26184.1000,13760.0000,0.5255,26185.0000,25022.2960,0.9556
2026-02-26T17:30:10,12.52,26183.9000,15480.9980,0.5912,26080.8980,19756.8000,0.7575,26190.9980,24526.9980,0.9365,25.8572,81.2225,26180.7960,13755.8980,0.5254,26180.5000,25019.5020,0.9557
2026-02-26T17:45:36,12.52,26184.2000,15480.3990,0.5912,26080.5980,19755.6000,0.7575,26190.2980,24524.9000,0.9364,25.5127,81.8767,26177.8000,13752.6990,0.5254,26177.9020,25018.5020,0.9557
2026-02-26T18:00:32,12.51,26185.2000,15480.4000,0.5912,26082.2000,19755.7000,0.7574,26191.4980,24525.1000,0.9364,24.7730,80.3413,26180.1000,13752.3010,0.5253,26178.2020,25019.0020,0.9557
2026-02-26T18:15:28,12.51,26185.4000,15479.7000,0.5912,26082.4980,19754.6020,0.7574,26192.1000,24524.6000,0.9363,24.0414,82.6454,26180.6000,13750.2990,0.5252,26180.5000,25022.9000,0.9558
2026-02-26T18:30:25,12.51,26182.3020,15477.4990,0.5911,26080.9980,19750.7000,0.7573,26189.3000,24518.1020,0.9362,23.3043,84.6462,26178.3000,13749.0020,0.5252,26177.7980,25019.7020,0.9558
2026-02-26T18:45:21,12.51,26180.5000,15475.3980,0.5911,26079.0000,19745.7000,0.7571,26187.3000,24512.2980,0.9360,22.7462,86.2942,26175.7000,13745.0000,0.5251,26175.2980,25016.3980,0.9557
2026-02-26T19:00:17,12.51,26176.4980,15471.3000,0.5910,26076.4980,19742.2980,0.7571,26183.6020,24505.7980,0.9359,22.1241,87.7762,26172.3980,13741.5010,0.5250,26172.5980,25013.5020,0.9557
2026-02-26T19:15:14,12.50,26172.0020,15466.7010,0.5910,26072.9000,19738.5020,0.7571,26180.1000,24495.7000,0.9357,21.7155,89.6245,26168.2980,13740.0000,0.5251,26168.0020,25008.9000,0.9557
2026-02-26T19:30:10,12.50,26169.8000,15455.7990,0.5906,26069.8980,19733.7020,0.7570,26177.3000,24485.7980,0.9354,21.3977,90.5419,26165.6980,13735.1000,0.5249,26165.7000,25005.6000,0.9557
2026-02-26T19:45:36,12.50,26167.1000,15447.0010,0.5903,26066.8980,19729.8000,0.7569,26174.0020,24473.7020,0.9350,21.2028,91.2553,26162.7040,13731.1990,0.5248,26162.8020,25002.2980,0.9556
2026-02-26T20:00:13,12.49,26166.8980,15435.0000,0.5899,26066.0980,19727.0000,0.7568,26173.3020,24464.1020,0.9347,21.1067,91.9953,26161.3980,13729.2010,0.5248,26161.6980,25000.7000,0.9556
2026-02-26T20:15:18,12.50,26164.8000,15420.0000,0.5893,26065.2000,19724.5000,0.7567,26172.2000,24451.9980,0.9343,20.9945,92.2853,26160.6000,13725.9980,0.5247,26160.4000,24998.7020,0.9556
2026-02-26T20:30:24,12.49,26165.2980,15413.2000,0.5891,26064.8000,19722.1000,0.7567,26172.3980,24448.6040,0.9341,20.9144,92.6381,26160.0000,13725.8980,0.5247,26159.6020,24998.0020,0.9556
2026-02-26T20:45:30,12.49,26164.7000,15401.4000,0.5886,26064.3000,19719.2020,0.7566,26171.5000,24445.2980,0.9340,20.7889,93.0330,26159.2020,13722.1010,0.5246,26159.6000,24997.5020,0.9556
2026-02-26T21:00:36,12.49,26164.5000,15398.2000,0.5885,26064.6000,19717.6020,0.7565,26171.9980,24444.2020,0.9340,20.7542,93.3153,26159.8000,13720.1990,0.5245,26159.7000,24997.2000,0.9556
2026-02-26T21:15:12,12.48,26164.6020,15396.8010,0.5885,26064.8000,19715.0000,0.7564,26171.4960,24443.1020,0.9340,20.6847,93.4430,26160.1000,13718.8020,0.5244,26160.0000,24997.1980,0.9556
2026-02-26T21:30:18,12.49,26163.5020,15392.1010,0.5883,26063.2040,19709.7020,0.7562,26170.6000,24440.4980,0.9339,20.5673,93.5441,26158.7020,13717.2010,0.5244,26158.2020,24995.1000,0.9555
2026-02-26T21:45:24,12.48,26163.8020,15389.0010,0.5882,26063.7040,19706.1980,0.7561,26170.8980,24439.8000,0.9339,20.5352,93.7215,26158.9020,13719.8000,0.5245,26158.5020,24995.6000,0.9555
2026-02-26T22:00:30,12.48,26164.9000,15386.6010,0.5881,26063.4000,19702.3000,0.7559,26171.5980,24438.6020,0.9338,20.4337,93.8150,26159.5000,13717.9990,0.5244,26158.9020,24995.2980,0.9555
2026-02-26T22:15:35,12.48,26164.5000,15382.9990,0.5879,26064.2020,19700.1000,0.7558,26171.9980,24438.0020,0.9337,20.4845,93.9466,26159.0000,13715.3000,0.5243,26158.9020,24995.1000,0.9555
2026-02-26T22:30:12,12.48,26165.2980,15382.0010,0.5879,26064.3000,19697.0000,0.7557,26171.3980,24436.2000,0.9337,20.5432,94.0782,26158.9000,13714.0020,0.5243,26158.4020,24994.6000,0.9555
2026-02-26T22:45:18,12.48,26165.5000,15379.9000,0.5878,26063.9000,19694.0020,0.7556,26171.9980,24435.2980,0.9336,20.6847,94.2117,26160.3980,13712.0010,0.5242,26159.7020,24994.9000,0.9555
2026-02-26T23:00:24,12.47,26166.4980,15376.6990,0.5876,26064.7020,19690.9980,0.7555,26172.6020,24434.5000,0.9336,20.5058,94.2155,26160.1000,13707.1020,0.5240,26159.9000,24994.9000,0.9555
2026-02-26T23:15:30,12.47,26164.9000,15370.8990,0.5875,26063.9020,19687.6000,0.7554,26170.6000,24431.7960,0.9336,20.3883,94.2403,26159.1020,13707.9990,0.5240,26158.1040,24991.4980,0.9554
2026-02-26T23:30:35,12.47,26164.8000,15367.4000,0.5873,26064.0020,19685.3000,0.7553,26170.5980,24431.2000,0.9335,20.2068,94.2213,26159.7020,13703.9010,0.5239,26158.7020,24991.3960,0.9554
2026-02-26T23:45:12,12.47,26165.9980,15364.4010,0.5872,26064.1020,19683.8020,0.7552,26171.4980,24431.6980,0.9335,20.2254,94.3529,26158.9020,13702.8990,0.5238,26158.3000,24990.1000,0.9553
